{"win":[[701.8635,-798.06494444444],[731.8635,-798.06494444444],[761.8635,-798.06494444444],[791.8635,-798.06494444444],[821.8635,-798.06494444444],[851.8635,-798.06494444444],[881.8635,-798.06494444444],[911.8635,-798.06494444444]],"player":[[-9,-21]],"info":"graviton editor empty level","block":[[-200,50],[-150,50],[-100,50],[-50,50],[0,50],[50,50],[100,50],[150,50],[200,50],[200,0],[200,-50],[200,-100],[200,-150],[200,-200],[200,-250],[200,-300],[200,-350],[200,-400],[-200,0],[-200,-50],[-200,-100],[-200,-150],[-200,-200],[-200,-250],[-200,-300],[-200,-350],[-200,-400],[-200,-450],[-200,-500],[-200,-550],[-200,-600],[-200,-650],[-200,-700],[-200,-750],[-200,-800],[-200,-850],[-150,-850],[-100,-850],[-50,-850],[0,-850],[50,-850],[100,-850],[150,-850],[200,-850],[250,-850],[300,-850],[350,-850],[400,-850],[450,-850],[500,-850],[550,-850],[600,-850],[650,-750],[650,-700],[650,-650],[650,-600],[650,-550],[650,-500],[650,-450],[650,-400],[650,-350],[650,-300],[650,-250],[650,0],[650,50],[600,50],[550,50],[500,50],[450,50],[400,50],[350,50],[300,50],[250,50],[700,-850],[750,-850],[800,-850],[850,-850],[900,-850],[950,-850],[950,-800],[950,-750],[950,-700],[950,-650],[950,-600],[950,-550],[950,-500],[950,-450],[950,-400],[950,-350],[950,-300],[950,-250],[950,-200],[950,-150],[950,-100],[950,-50],[950,0],[950,50],[900,50],[850,50],[800,50],[750,50],[700,50],[200,-450],[200,-500],[200,-550],[200,-600],[650,-800],[650,-850]]}