{"win":[[510,-480]],"player":[[-77.123944444443,-20.968277777779]],"info":"graviton editor empty level","block":[[-200,50],[-150,50],[-100,50],[-50,50],[0,50],[100,50],[150,50],[200,50],[-200,0],[-200,-50],[-200,-100],[-200,-150],[-200,-200],[-200,-250],[-200,-300],[-200,-350],[-200,-400],[-200,-450],[-200,-500],[-200,-550],[550,50],[500,50],[450,50],[400,50],[350,50],[300,50],[250,50],[50,50],[50,0],[50,-50],[50,-100],[50,-150],[50,-200],[50,-250],[50,-300],[50,-350],[-150,-550],[-100,-550],[-50,-550],[0,-550],[50,-550],[100,-550],[150,-550],[200,-550],[250,-550],[300,-550],[350,-550],[400,-550],[450,-550],[500,-550],[550,-550],[600,50],[600,0],[600,-50],[600,-100],[600,-150],[300,-500],[300,-450],[300,-400],[300,-350],[300,-300],[300,-250],[300,-200],[600,-550],[600,-500],[600,-450],[600,-400],[600,-350],[600,-300],[600,-250],[600,-200]]}