{"win":[[469.50428571428,-36.096666666667]],"player":[[-374,52]],"info":"graviton editor empty level","block":[[-500,100],[-450,100],[-400,100],[-350,100],[-300,100],[-250,100],[-200,100],[-150,100],[-100,100],[-50,100],[0,100],[50,100],[100,100],[150,100],[200,100],[250,100],[300,100],[350,100],[400,100],[450,100],[500,100],[500,50],[500,0],[500,-50],[500,-100],[500,-150],[500,-200],[450,-200],[400,-200],[350,-200],[300,-200],[250,-200],[200,-200],[150,-200],[100,-200],[50,-200],[0,-200],[-50,-200],[-100,-200],[-150,-200],[-200,-200],[-250,-200],[-300,-200],[-350,-200],[-400,-200],[-450,-200],[-500,-200],[-500,-150],[-500,-100],[-500,-50],[-500,0],[-500,50],[267,-13],[267,-63],[267,-113],[267,-163]]}